ContactID,OrgID,Office,Address,City,State,Zip,WorkPhone,FaxNumber,EmailAddress,WebSite3,3,ACR headquarters at the Bolinas Lagoon Preserve,4900 Highway 1,Stinson Beach,CA,94970,,4158681699,acr@egret.org,www.egret.org4,3,Bouverie Preserve,P.O. Box 1195,Glen Ellen,CA,95442,,7079388758,acr@egret.org,www.egret.org7,5,,4016 Walnut Blvd.,Walnut Creek,CA,94596,,9259260890,scampi@campin.net,www.cencal.org10,7,,"801 K Street, MS 12-30",Sacramento,CA,95814,,9164455718,cgshq@consrv.ca.gov,www.consrv.ca.gov/cgs11,10,,148 Marina Drive,Long Beach,CA,90803,,5625980712,marieta@algalita.org,www.algalita.org15,12,mailing address,P.O. Box 130491,Carlsbad,CA,92013,,,mona.baumgartel@cox.net,www.batiquitosfoundation.org16,13,,376 Greenwood Beach Road,Tiburon,CA,94920,,4153880717,richardsonbaycenter@audubon.org,www.tiburonaudubon.orgrichardsonbay.audubon.org19,15,Headquarters,"1416 9th St., Room 204-6",Sacramento,CA,95814,,9166534684,ssims@water.ca.gov,wwwowe.water.ca.gov21,18,,99 Pacific Street Bldg 455,Monterey,CA,93940,,8316474250,lisa.emanuelson@noaa.gov,www.mbnms.nos.noaa.gov/monitoringnetwork22,17,Santa Barbara Harbor Office,"113 Harbor Way, Suite 150",Santa Barbara,CA,93109,,8055681582,Shauna.bingham@noaa.gov,www.cinms.nos.noaa.gov29,20,,P.O. Box 942896,Sacramento,CA,94296-0001,,,,www.parks.ca.gov32,22,,1 Marshlands Road,Newark,CA,94536,,5107925828,Carmen_Leong-Minch@fws.gov,desfbay.fws.gov33,22,,P.O. Box 524,Newark,CA,94560,,,,34,23,,1700 Elkhorn Road,Watsonville,CA,95076,,8317281056,kenton.discovernature@elkhornslough.org,www.elkhornslough.org38,25,,P. O. Box 2315,Martinez,CA,94553,,9253708410,friendsofac@california.com,39,26,,"1515 Clay Street, Suite 1400",Oakland,CA,94612,,,degtervanwissekerke@waterboards.ca.gov,www.sfestuary.org/about-us/friends-of-the-estuary/40,27,,"GGNRA, Bldg. 1033",Sausalito,CA,94965,,4153325784,ewang@yni.org,www.yni.org/hi41,28,,35 Temescal Terrace,San Francisco,CA,94118,,,tomhicks@headwatersinstitute.org,www.headwatersinstitute.org42,29,,P.O. Box 2016,La Jolla,CA,92038,,,info@lajollafriendsoftheseals.org,www.lajollafriendsoftheseals.org43,30,,6117 Reseda Blvd. Suite H,Reseda,CA,91335,,,lacnps@lacnps.org,www.lacnps.org45,32,,100 Aquarium Way,Long Beach,CA,90802,,5629513192,aquariumofpacific@lbaop.org,www.aquariumofpacific.org47,34,,"6755 Hollister Avenue, Suite 150",Goleta,CA,93117,,8059615729,jsgray@fs.fed.us,www.r5.fs.fed.us/lospadres/50,35,,"Monterey Peninsula College 
980 Fremont Street",Monterey,CA,93940,,8316463080,info@marinetech.org,www.marinetech.org51,36,,"601 Embarcadero, Suite 11",Morro Bay,CA,93442,,8057724162,staff@mbnep.org,www.mbnep.org52,37,,PO Box 1094,Mendocino,CA,95460,,7079620444,info@mendocinolandtrust.org,www.mendocinolandtrust.org53,38,,886 Cannery Row,Monterey,CA,93940,,8316484810,,www.montereybayaquarium.org54,39,,99 Pacific Street  Bldg 455,Monterey,CA,93940,,8316474250,dawn.hayes@noaa.gov,www.montereybay.noaa.gov56,39,,750 Hearst Castle Road,San Simeon,CA,93452,,8059272031,michele.roest@noaa.gov,57,,,,,,,,,,59,41,,"5 Harris Court, Building D",Monterey,CA,93940,,8313726178,karenh@mrwpca.com,www.mrwpca.org62,44,,"111 Sutter Street, 20th Floor",San Francisco,CA,94105,,,nrdcinfo@nrdc.org,www.nrdc.org63,45,,3151 Airway Ave. Suite F-110,Costa Mesa,CA,92626,,7148501592,info@coastkeeper.org,www.coastkeeper.org64,46,,165 Forest Avenue,Pacific Grove,CA,93950,,8313723256,,www.pgmuseum.org65,47,,39996 W. Pacific Coast Highway,Malibu,CA,90265,,3105891522,vipp@parks.ca.gov,www.parks.ca.gov/LeoCarrillo68,49,,"9883 Pacific Heights Blvd, Suite D",San Diego,CA,92121,,8587555627,info@surfridersd.org,www.surfridersd.org69,50,,610 Mission Canyon Road,Santa Barbara,CA,93105,,8055682459,Contact@sbparks.org,www.countyofsb.org/parks70,51,,"120 Broadway,  Suite 105",Santa Monica,CA,90401,,3103057985,info@smbaykeeper.org,www.smbaykeeper.org71,52,,1801 E. Chestnut Avenue,Santa Ana,CA,92701,,7149537401,Kyamaguchi@ci.santa-ana.ca.us,www.santaanazoo.org72,53,,123 East Anapamu Street,Santa Barbara,CA,93101,,8055682030,mason@co.santa-barbara.ca.us,sbcountyplanning.org73,54,,5750 Almaden Expressway,San Jose,CA,95118-3686,,4082660271,kmachado@valleywater.org,www.valleywater.org74,55,,100 Shaffer Road,Santa Cruz,CA,95060,,8314591221,Siglert@ucsc.edu,seymourcenter.ucsc.edu75,56,,3921 East Bayshore Road,Palo Alto,CA,94303,,,arniet@acterra.org,www.sanfrancisquito.org76,57,,P.O.Box 6010,San Clemente,CA,92674,,9494928142,info@surfrider.org,www.surfrider.org77,58,,2000 Bunker Road,Sausalito,CA,94965,,,edu@tmmc.org; volunteer@tmmc.org,www.marinemammalcenter.org79,60,,305 Camino del Remedio,Santa Barbara,CA,93110,,8056921731,ammarzolla@ucdavis.edu,cesantabarbara.ucdavis.edu80,61,Coastal and Marine Geology Program,400 Natural Bridges Drive,Santa Cruz,CA,95060,,8314274709,hgibbons@usgs.gov,walrus.wr.usgs.gov81,61,California Water Science Center,"6000 J Street, Placer Hall",Sacramento,CA,95819,,9162783070,tchaltom@usgs.gov,ca.water.usgs.gov82,62,,"717 K Street, Suite 317",Sacramento,CA,95814,,9164487699,rsudman@watereducation.org,www.watereducation.org84,64,,1092 Bel Marin Keys Boulevard,Novato,CA,94949,,4158830612,novatocreek@earthlink.net,www.novatocreek.org85,65,,2211 Garden Road,Monterey,CA,93940,,8316476239,pgray@parks.ca.gov,www.parks.ca.gov87,67,Richmond Field Station,1327 S. 46th St. #155,Richmond,CA,94804,,5106653642,linda@thewatershedproject.org,www.thewatershedproject.org88,68,,5901 Warner Avenue #162,Huntington Beach,CA,92649,,,wrogers@socal.rr.com,www.acsorangecounty.org93,73,,5200 Warner Avenue #108,Hunington Beach,CA,92649,,,bclt@bolsachicalandtrust.org,www.bolsachicalandtrust.org94,74,,"Office of Communications, Education & Outreach 
1807 13th Street, Suite 104",Sacramento,CA,95811,,,jtraverso@dfg.ca.gov,www.dfg.ca.gov96,76,,P.O. Box 1152,Occidental,CA,95465,,,david5@sonic.net,www.dutchbillcreekwatershed.org98,78,,"Garrapata Trout Farm
35811 Highway 1",Monterey,CA,93940,,8316251468,ken_ekelund@hotmail.com,www.bigsurwatersheds.org/gc_home.html99,79,,693 Circle Drive,Santa Barbara,CA,93108,,8059699111,psaley@silcom.com,www.goletaslough.org101,81,,P.O. Box 1505,Cambria,CA,93428,,8059277530,rick@greenspacecambria.org,www.greenspacecambria.org102,82,,"991 Marine Drive
The Presidio",San Francisco,CA,94129,,4155616616,maryjane.schramm@noaa.gov,http://farallones.noaa.gov103,83,,P.O. Box 370,Forest Knolls,CA,94933,,4156639534,spawn@spawnusa.org,www.spawnusa.org106,85,,"1001 I Street, MS #14A
P.O. Box 4025",Sacramento,CA,95812-4025,,9163197494,eei@calepa.ca.gov,www.ciwmb.ca.gov/Schools107,85,,PO BOX 4025,Sacramento,CA,95812-4025,,,,108,86,,799 N. Moorpark Avenue,Moorpark,CA,93021-1155,,8055298270,jbrand@ci.moorpark.ca.us,www.ci.moorpark.ca.us109,87,,UC Santa Barbara,Santa Barbara,CA,93106,,8058938686,esprogram@es.ucsb.edu,www.es.ucsb.edu111,89,,4901 Breakwater Avenue,Hayward,CA,94545,,5106707277,hayshore@earthlink.net,www.haywardrec.org/hayshore.html112,90,,P.O. Box 90106,Santa Barbara,CA,93190,,8059620651,info@healtheocean.org,www.healtheocean.org113,91,,"Hopkins Marine Station
120 Oceanview Boulevard",Pacific Grove,CA,93950,,8313750793,information@marine.stanford.edu,hms.stanford.edu114,92,,P.O. Box 576,Loleta,CA,95551,,7077331946,,www.fws.gov/humboldtbay115,93,,"100 H. Street, Suite 100",Eureka,CA,95501,,7074415699,envhealth@co.humboldt.ca.us,co.humboldt.ca.us/HHS/PHB/EnvironmentalHealth116,94,,P.O. Box 276,Weott,CA,95571,,,vc@humboldtredwoods.org,www.humboldtredwoods.org118,95,,"200 Kalmus Drive
P.O. Box 9050",Costa Mesa,CA,92628-9050,,9495480575,insidetheoutdoors@ocde.us,www.insidetheoutdoors.org119,96,,P.O. Box 382,Inverness,CA,94937-0382,,,board@invernessassociation.org,www.invernessassociation.org120,97,,10500 Alfred Harrell Highway,Bakersfield,CA,93306,,,toanspach@kern.org,www.campkeep.org121,98,,2731 S. Victoria Avenue,Oxnard,CA,93035,,8059845970,vcmminfo@aol.com,www.vcmm.org122,99,,25344 County Road 95,Davis,CA,95616,,5307581316,quailrid@quailridge.org,www.quailridge.org127,101,,55 Music Concourse Drive,San Francisco,CA,94118,,,info@calacademy.org,www.calacademy.org128,102,,"921 11th Street, Suite 420",Sacramento,CA,95814,,9164433912,cawrecycles@gmail.com,www.cawrecycles.org129,103,,1500 Alamar Way,Fortuna,CA,95540,,7077251748,,www.ccc.ca.gov130,104,,7329 Silverado Trai,Napa,CA,94558,,7079445563,askbdr@dfg.ca.gov,www.dfg.ca.gov/delta131,105,,"1416 Ninth Street, Room 1320",Sacramento,CA,95814,,9166535040,fgc@dfg.ca.gov,www.fgc.ca.gov132,106,,"428 13th Street, Suite 10A",Oakland,CA,94612,,,info@californiawildlifefoundation.org,www.californiawildlifefoundation.org/133,107,University of California,9500 Gilman,La Jolla,CA,92093-0232,,8584532948,sgabrysh@ucsd.edu,www.csgc.ucsd.edu134,108,,750 Hearst Castle Road,San Simeon,CA,93452,,,,www.slostateparks.com135,109,,P.O. Box 1128,Carpinteria,CA,93014,,,capacbet@aol.com,136,110,,5361 Sixth Street,Carpinteria,CA,93013,,8055663344,carpevents@parks.ca.gov,www.parks.ca.gov/?page_id=599137,111,,"Monterey Bay Field Office
725 Front Street, Suite 201",Santa Cruz,CA,95066,,8314255604,kgaffney@oceanconservancy.org,www.oceanconservancy.org138,112,,"895 Aerovista Place, Suite 101",San Luis Obispo,CA,93401,,8055430397,rbriggs@waterboards.ca.gov,www.waterboards.ca.gov/centralcoast140,114,,1901 Spinnaker Drive,Ventura,CA,93001,,8586585799,yvonne_menard@nps.gov,www.nps.gov/chis141,115,,1000 Gunpowder Point Drive,Chula Vista,CA,91910,,6194095910,tina@cvnc.us,www.chulavistanaturecenter.org142,116,,6700 E. Walnut Canyon Road,Anaheim,CA,92807,,,ocnc@anaheim.net,www.anaheim.net/ocnc144,118,,916 Anacapa Street,Santa Barbara,CA,93101,,8059663970,info@citizensplanning.org,www.citizensplanning.org145,119,,"Shorebird Park Nature Center
160 University Avenue",Berkeley,CA,94710,,5109816725,pdonald@ci.berkeley.ca.us,www.cityofberkeley.info/marina146,120,,P.O. Box  8001,Lompoc,CA,93438,,8057404702,cmccall@ci.lompoc.ca.us,www.ci.lompoc.ca.us147,121,,P.O. Box 1990,Santa Barbara,CA,93102,,8055607580,bslagle@santabarbaraca.gov,www.SantaBarbaraCA.gov148,122,,P.O. Box 99,Ventura,CA,93002,,8056446398,jstone@ci.ventura.ca.us,http://www.cityofventura.net/interpretive149,123,,P.O. Box 50000,Watsonville,CA,95077,,,tstolzen@ci.watsonville.ca.us,cityofwatsonville.org/public-works-utilities150,124,,1305 Middlefield Road,Palo Alto,CA,94301,,6503215612,recreation@cityofpaloalto.org,www.cityofpaloalto.org151,125,,"1330 Broadway, 13h Floor",Oakland,CA,94612,,5102860470,dwayman@scc.ca.gov,scc.ca.gov152,126,,27401 Albion Ridge Road,Albion,CA,95410,,,info@coastallandtrustca.org,www.coastallandtrustca.org153,127,,"345 Lake Avenue, Suite F",Santa Cruz,CA,95062,,8314649214,gpepping@coastalws.org,www.coastal-watershed.org154,128,,825 Gravenstein Highway North #8,Sebastopol,CA,95472,,7078290326,coastwalk@coastwalk.org,www.coastwalk.org155,129,,1 Bear Valley Road,Point Reyes Station,CA,94956,,4156630315,jennifer.stock@noaa.gov,cordellbank.noaa.gov157,131,,1651 Coyote Point Drive,San Mateo,CA,94401,,6503427853,Info@CuriOdyssey.org,www.curiodyssey.org158,132,,1252 McKay Avenue,Alameda,CA,94501,,5105210376,ccove@ebparks.org,www.ebparks.org/parks/vc/crab_cove159,133,,"Santa Clara County Parks and Recreation
298 Garden Hill Drive",Los Gatos,CA,95032,,,heidi.mcfarland@prk.sccgov.org,www.cleanacreek.org160,134,,"San Luis Obispo County Office of Education 
3350 Education Drive",San Luis Obispo,CA,93405,,,tlees@slocoe.org,www.creec.org/region8161,135,,P.O. Box 944246,Sacramento,CA,94244-2460,,9166536378,,www.fire.ca.gov162,136,,"2150 Allston Way, Suite 460",Berkeley,CA,94704,,5108599091,davep@earthisland.org,www.earthisland.org164,138,,"211 River Street, 2nd Floor",Santa Cruz,CA,95060,,8314251404,ecoact@ecoact.org,www.ecoact.org165,139,,P.O. Box 351419,Los Angeles,CA,90035-9119,,3105599160,ECNP@aol.com,www.ecoprojects.org166,140,,7750 East Spring Street,Long Beach,CA,90815,,5625708530,donnie.haigh@longbeach.gov,www.longbeach.gov/naturecenter169,143,,"3436 Sacramento Drive, Suite A
P.O. Box 1014",San Luis Obispo,CA,93401,,8055441871,info@ecoslo.org,www.ecoslo.org171,145,,"123 Mission Street, 28th Floor",San Francisco,CA,94105,,4152936051,RFujita@environmentaldefense.org,www.edf.org173,147,,2560 Embarcadero Road,Palo Alto,CA,94303,,6506440583,brittany@evols.org,www.evols.org175,149,,P.O. Box 415,Larkspur,CA,94977,,4154564992,info@friendsofcortemaderacreek.org,www.friendsofcortemaderacreek.org176,150,,835 East 14th Street,San Leandro,CA,94577,,,Slevenson@sanleandro.org,www.fslc.org181,155,,660 Randy Drive,Newbury Park,CA,91320,,,bottorffm@verizon.net,www.fscr.org183,157,,547 Marsh Street,San Luis Obispo,CA,93401,,8055445122,lc@special-places.org,www.special-places.org184,158,,617 Water Street,Santa Cruz,CA,95061,,8314291166,info@landtrustsantacruz.org,www.landtrustsantacruz.org185,159,,900 Exposition Boulevard,Los Angeles,CA,90007,,2137441042,educate@nhm.org,www.nhm.org/seamobile186,160,,"University of California Berkeley
1 Centennial Drive",Berkeley,CA,94720,,5106421055,lhsweb@berkeley.edu,www.lawrencehallofscience.org187,161,,"UC Berkeley
1 Centennial Drive",Berkeley,CA,94720,,5106421055,emarnold@berkeley.edu,www.lawrencehallofscience.org/MARE/188,162,,533 Zoo Drive,Los Angeles,CA,90027,,3236444299,,www.lazoo.org189,163,,P.O. Box 15894,Stanford,CA,94309,,6503234232,magic@ecomagic.org,www.ecomagic.org190,164,,1925 Las Virgenes Road,Calabasas,CA,91302,,,ktaborn@lightspeed.net,www.malibucreekstatepark.org191,165,,1623A Fifth Avenue,San Rafael,CA,94901,,4154856259,mcl@marinconservationleague.org,www.marinconservationleague.org192,166,,27 Larkspur Street,San Rafael,CA,94901,,4154544595,tdesborough@conservationcorpsnorthbay.org,www.conservationcorpsnorthbay.org193,167,,P.O. Box 4186,San Rafael,CA,94913-4186,,4144997221,tfashing@marincounty.org,www.mcstoppp.org195,169,,4074 Eggers Drive,Fremont,CA,94536,,5107906089,blueford@msnucleus.org,www.msnucleus.org196,170,,P.O. Box 160,Petrolia,CA,95558,,7076293577,mrc@mattole.org,www.mattole.org199,173,,"Morro Bay State Park
State Park Road",Morro Bay,CA,93442,,,,http://www.parks.ca.gov/?page_id=592200,174,,7700 Sandholdt Road,Moss Landing,CA,95039-0628,,8317751620,pduran@mbari.org,www.mbari.org201,175,,101 Herrmann Drive,Monterey,CA,93940,,8313923814,maosoffice@gmail.com,www.maosmontereyhigh.org202,176,,P.O. Box 2116,Carmel-by-the-Sea,CA,93921,,,scanepa@ix.netcom.com,206,180,,8272 Moss Landing Road,Moss Landing,CA,95039,,8316324403,frontdesk@mlml.calstate.edu,www.mlml.calstate.edu207,181,,1536 East Washington Avenue,Santa Ana,CA,92701,,,,208,182,,,Mill Valley,CA,94941,,4153896957,goga_muir_woods_nm@nps.gov,www.nps.gov/muwo210,184,,2301 University Drive,Newport Beach,CA,92660,,9496401742,patrick.mccaffrey@newportbay.org,www.newportbay.org211,185,,PO Box 4259,Arcata,CA,95518,,7078226980,greg@yournec.org,www.yournec.org213,187,,15290 Coleman Valley Road,Occidental,CA,95465,,7078741558,Brock@oaec.org,www.oaec.org214,188,,1000 Oak Street,Oakland,CA,94607,,,jrosenberg@museumca.org,www.museumca.org216,190,,Fort Mason Quarters 35,San Francisco,CA,94123,,4154743395,reiremo@oceanic-society.org,www.oceanic-society.org217,191,,P.O. Box 1092,Ojai,CA,93024,,8056498913,info@ovlc.org,www.ovlc.org218,192,,2222 East Cliff Drive  #222,Santa Cruz,CA,95062,,8314629188,dhaifley@oneillseaodyssey.org,www.oneillseaodyssey.org220,194,,P.O. Box 2376,Fort Bragg,CA,95437,,,peecfb@hotmail.com,www.mcn.org/i/peec221,195,,P.O. Box 1134,Morro Bay,CA,93443,,,pwcinfo@pacificwildlifecare.org,www.pacificwildlifecare.org222,196,,P.O. Box 3427,Palos Verdes Peninsula,CA,90274,,,info@pvplc.org,www.pvplc.org223,197,,222 High Street,Palo Alto,CA,94301,,6508547703,post@openspacetrust.org,www.openspacetrust.org224,198,,2301 N. Glassell Street,Orange,CA,92865,,,jenna.voss@ocpw.ocgov.com,www.ocwatersheds.com225,199,,Point Reyes National Seashore Association,Point Reyes Station,CA,94956,,4156638174,fieldinstitute@ptreyes.org,www.ptreyes.org226,200,,Point Reyes National Seashore Association,Point Reyes,CA,94956,,4156638174,edcenterdirector@ptreyes.org,www.ptreyes.org230,203,,2450 Pennington Creek Road,San Luis Obispo,CA,93403,,8055447559,bmcfarland@slocoe.org,www.ranchoelchorro.org231,204,,1500 N. College Avenue,Claremont,CA,91711,,9096263489,pnash@rsabg.org,www.rsabg.org232,205,,30000 Mulholland Highway,Agoura Hills,CA,91301,,8185978630,info@rcdsmm.org,www.rcdsmm.org233,206,,"4500 Glenwood Drive, Bldg. A",Riverside,CA,92501,,9096833814,lamb@rcrcd.com,www.rcrcd.com234,207,,P.O. Box 1511,Gualala,CA,95445,,,rclc@rc-lc.org,www.rc-lc.org235,208,,3152 Paradise Drive,Tiburon,CA,94920,,4154357120,rtcinfo@sfsu.edu,www.rtc.sfsu.edu236,209,,"2825 Dewey Road, Suite 200",San Diego,CA,92106,,6192244638,outreach@sdcoastkeeper.org,www.sdcoastkeeper.org237,210,,P.O. Box 230634,Encinitas,CA,92023,,7609449606,tara@SanElijo.org,www.sanelijo.org238,211,,P.O. Box 49,San Gregorio,CA,94074,,,sgerc@sanmateo.org,www.sgerc.org239,212,,"1550 E. Shaw, Suite 144",Fresno,CA,93710,,5592488474,maldern@riverparkway.org,www.riverparkway.org240,213,,1087 Santa Rosa,San Luis Obispo,CA,93408,,,SLOParks@co.slo.ca.us,www.slocountyparks.com241,214,,101 Twin Dolphin Drive,Redwood City,CA,94005,,6508025422,mnolan@smcoe.k12.ca.us,www.smcoe.k12.ca.us/outdoored/242,215,,721 Cliff Drive,Santa Barbara,CA,93109,,,MJPaddack@sbcc.edu,www.sbcc.edu244,217,,4140 Marina Drive,Santa Barbara,CA,93110-2430,,,viegeoobern2@cox.net,sbtrails.org245,218,,P.O. Box 2739,Avalon,CA,90704,,3105102594,amuscat@catalinaconservancy.org,www.catalinaconservancy.org246,219,,401 West Hillcrest Drive,Thousand Oaks,CA,91360,,8053701851,,www.nps.gov/samo248,221,,"345 Lake Avenue, Suite A",Santa Cruz,CA,95062,,8314626070,info@saveourshores.org,www.saveourshores.org250,222,,1192 Waring Street,Seaside,CA,93955,,8313945555,maris@savethewhales.org,www.savethewhales.org252,224,,500 SeaWorld Drive,San Diego,CA,92109,,6192263634,swc.education@seaworld.com,www.seaworld.org253,225,,P.O. Box 226,Mendocino,CA,95460,,7079375629,rjamgoch@mcn.org,254,226,,586 G Street,Crescent City,CA,95531,,7074647520,jbwaldvogel@ucdavis.edu,www-csgc.ucsd.edu/EXTENSION/ExtensionIndx.html255,227,,P.O. Box 190,Hollister,CA,95024,,,debi@shearwaterjourneys.com,www.shearwaterjourneys.com256,228,,P.O. Box 370,Forest Knolls,CA,94933,,4156639534,info@seaturtles.org,www.seaturtles.org257,229,,2025 Shoreline Highway,Muir Beach,CA,94965,,4153815762,admin@slideranch.org,www.slideranch.org259,231,,540 Pacific Avenue,Santa Rosa,CA,95404,,7075758903,scca@conservationaction.org,www.conservationaction.org260,232,,P.O. Box 1486,Eldridge,CA,95431,,7079962452,info@sonomaecologycenter.org,www.sonomaecologycenter.org262,234,,"1301 Redwood Way, Suite 170",Petaluma,CA,94954,,7077947902,SSCRCD@ca.nacdnet.org,www.sscrcd.org/watershed-stemple-creek.php264,236,,P.O. Box 11526,Santa Rosa,CA,95406,,7075690434,generalmail@sotoyomercd.org,www.sotoyomercd.org265,237,,"2222 East Cliff Drive, #234",Santa Cruz,CA,95062,,,surfridersantacruz@yahoo.com,www.surfridersantacruz.org266,238,,1230 Preservation Park Way,Oakland,CA,94612,,5108324726,jwatson@thesca.org,www.theSCA.org267,239,,665 Tabor Lane,Santa Barbara,CA,93108,,8059639433,kirk@tmre.org,www.tmre.org268,240,,301 Caspian Way,Imperial Beach,CA,91932,,6195756913,amtipton@parks.ca.gov,www.trnerr.org269,241,,12601 Mulholland Drive,Beverly Hills,CA,90210,,8187534635,lsotelo@treepeople.org,www.treepeople.org270,242,Mailing Address,P.O. Box 674,Fremont,CA,94537,,,tcec@tricityecology.org,www.tricityecology.org271,243,,"Long Marine Lab
100 Shaffer Road",Santa Cruz,CA,95060,,8314593115,falconet@ucsc.edu,www2.ucsc.edu/~scpbrg273,245,,"2099 Westside Road 
P.O. Box 247",Bodega Bay,CA,94923,,7078752009,ucdbml@ucdavis.edu,www.bml.ucdavis.edu274,246,,2100 Bridgeway,Sausalito,CA,94965,,4153320761,Linda.M.Holm@usace.army.mil,www.spn.usace.army.mil/bmvc275,247,,110 Shaffer Road,Santa Cruz,CA,96050,,8314203980,jacki.davis@noaa.gov,swfsc.noaa.gov/default1.aspx?Division=FED&id=554276,248,Fort Ord,20 Hamilton Court,Hollister,CA,95023,,8313948346,emorgan@blm.gov,www.blm.gov/ca/hollister/fort_ord277,249,,"UC Berkeley
200 Centennial Drive",Berkeley,CA,94720,,5106425045,garden@berkeley.edu,botanicalgarden.berkeley.edu278,250,,"University Park, AHF 209",Los Angeles,CA,90089-0373,,2137405936,seagrant@usc.edu,www.usc.edu/org/seagrant281,253,,"100 Campus Center, Building 42",Seaside,CA,93955,,8315823691,laura_lienk@csumb.edu,watershed.csumb.edu/wi/282,254,,1455-C Sandy Prarie Court,Fortuna,CA,95540,,7077258602,wsp.recruiter@ccc.ca.gov,www.ccc.ca.gov/go/wsp283,255,,955 La Paz Road,Santa Barbara,CA,93108,,8055657035,horvath@westmont.edu,www.westmont.edu284,256,,6270 Parallel Road,Anderson,CA,96007,,5303657271,wsrcd@westernshastarcd.org,www.westernshastarcd.org286,258,,76 Albert Park Lane,San Rafael,CA,94901,,4154560594,juancarlossolis@wildcarebayarea.org,www.wildcarebayarea.org287,259,,18030 Highland Valley Road,Ramona,CA,92065,,,,www.wildlife-research.org288,260,,P.O. Box 943,Davis,CA,95617,,5307574824,cquirk@yolobasin.org,www.yolobasin.org289,262,,P.O. Box 487,Yosemite,CA,95389,,2093799510,yni@naturebridge.org,www.yni.org/yi291,263,,229 Stanley Avenue,Arroyo Grande,CA,93420,,8054738167,info@centralcoastsalmon.com,www.centralcoastsalmon.com292,264,,"1330 Broadway, Suite 1800",Oakland,CA,94612,,,natalie@saveSFbay.org,www.savesfbay.org293,265,,P.O. Box 860,Laguna Beach,CA,92652,,,lgreenbelt@aol.com,www.lagunagreenbelt.org294,266,,"695 De Long Avenue, Suite 100",Novato,CA,94945,,4158782930,bayinfo@bay.org,www.bay.org298,270,,P.O. Box 53,Brisbane,CA,94005,,,sanbruno@mountainwatch.org,www.mountainwatch.org300,272,,1236 Oxford Street,Berkeley,CA,94709,,,f5creeks@aol.com,www.fivecreeks.org301,273,,P. O. Box 890,Forestville,CA,95436,,,info@russianrivercleanup.org,www.russianrivercleanup.org306,40,,3801 Panoramic Highway,Mill Valley,CA,94941,,4153882968,,http://www.parks.ca.gov/?page_id=471311,201,,P.O. Box 36,Port Costa,CA,94569-0036,,9256717788,LWStewart@comcast.net,www.portcosta.com312,275,,"42 Bolinas Road, Suite G",Fairfax,CA,94930,,,support@eecom.net,www.eecom.net313,100,,3720 Stephen White Drive,San Pedro,CA,90731,,3105482649,info@cabrilloaq.org,www.cabrilloaq.org314,17,Channel Islands Harbor Office,3600 South Harbor Blvd. Suite 217,Oxnard,CA,93035,,8053826149,Shauna.bingham@noaa.gov,www.cinms.nos.noaa.gov315,276,,345 Lake Ave. Suite E,Santa Cruz,CA,95062,,8314752379,rjhaver@pacbell.net,www.aranagulch.org316,277,,"2530 San Pablo Avenue, Suite H",Berkeley,CA,94703,,5105482240,info@ecologycenter.org,www.ecologycenter.org317,278,,"4630 Northgate Blvd., Suite 150",Sacramento,CA,95834,,9166481665,becky_easter@calwaterfowl.org,www.calwaterfowl.org318,279,,34199 CR 20,Woodland,CA,95695,,5306611757,gmartin@cachecreekconservancy.org,www.cachecreekconservancy.org319,280,,P.O. Box 223260,Carmel,CA,93922,,,info@seaotters.org,www.seaotters.org320,281,Dept. of Environmental Science and Policy,"UC Davis
One Shields Avenu",Davis,CA,95616,,5307529515,jfquinn@ucdavis.edu,ice.ucdavis.edu321,282,,"225 Locust Street, Suite 203",Redding,CA,96001,,5302471601,info@watershedrestoration.org,www.watershedrestoration.org322,283,,"870 Market Street, Suite 528",San Francisco,CA,94102,,4153928895,info@caltrout.org,www.caltrout.org323,284,,P.O. Box # 1183,Monterey,CA,93940,,,iiwinos@aol.com,www.carmelriversteelheadassociation.org325,286,Pacific Southwest Research Station,1700 Bayview Drive,Arcata,CA,95521,,7078252901,tlisle@fs.fed.us,www.fs.fed.us/psw/rsl328,289,,"19045 Portola Drive, Suite F-1",Salinas,CA,93908,,8314552846,info@ventanaws.org,www.ventanaws.org329,290,,"475 Washington Street, Suite A",Monterey,CA,93940,,8316468843,exec@otterproject.org,www.otterproject.org330,291,,P.O. Box 609,Point Reyes Station,CA,94956,,4156638014,amy@eacmarin.org,www.eacmarin.org331,292,,"1107 9th Street, Suite 901",Sacramento,CA,95814,,9164481789,pclmail@pcl.org,www.pcl.org333,294,,933 Parker Street #38,Berkeley,CA,94710,,5105482095,pamelam@riverofwords.org,www.riverofwords.org334,295,,Box 215,Point Arena,CA,95468,,,alevine@mcn.org,335,296,,P.O. Box 457,Trinidad,CA,95570,,,info@TrinidadCoastalLandTrust.org,www.trinidadcoastallandtrust.org337,298,,P.O. Box 2,Duncans Mills,CA,95430,,7078698252,stewards@mcn.org,www.stewardsofslavianka.org339,300,,P.O. Box 1449,Hoopa,CA,95546,,5306251646,Klamathfish@hotmail.com,www.klamathwaterquality.com340,301,,568 Bellevue Avenue,Oakland,CA,94610,,5102382290,lmi@netwiz.net,www.lakemerrittinstitute.org342,303,,330 Distel Circle,Los Altos,CA,94022-1404,,6506910485,info@openspace.org,www.openspace.org343,304,,P.O. Box 186,Arcata,CA,95518,,7074440447,info@friendsofthedunes.org,www.friendsofthedunes.org344,12,,7380 Gabbiano LN,Carlsbad,CA,92009,,,,345,305,,"820 Bay Avenue, Suite 128",Capitola,CA,95010,,8314753215,info@rcdsantacruz.org,www.rcdsantacruz.org346,306,,24200 Dana Point Harbor Drive,Dana Point,CA,92629,,9494964296,oi@ocean-institute.org,www.ocean-institute.org347,307,,"4101 Birch Street, Suite 150",Newport Beach,CA,92658,,,Information@DefendTheBay.org,www.DefendTheBay.org358,11,,539 East Villa Street #2,Pasadena,CA,91101,,2096335510,info@arroyoseco.org,www.arroyoseco.org359,308,,"1095 Market Street, Suite 511",San Francisco,CA,94103,,4154369683,kshields@biologicaldiversity.org,www.biologicaldiversity.org360,309,,P.O. Box 653,Lander,WY,82520,,3073323242,info@lighthawk.org,www.lighthawk.org361,310,,3921 E. Bayshore Road,Palo Alto,CA,94303,,6509688431,info@greenfoothills.org,www.greenfoothills.org362,311,,8471 North Coast Highway,Laguna Beach,CA,92651,,9494971177,wbonnin@parks.ca.gov,CrystalCoveStatePark.com363,312,,1010 Santa Clara Place,San Diego,CA,92109,,8584884265,sharafisler@aquaticadventures.org,www.aquaticadventures.org364,313,,P.O. Box 620272,Woodside,CA,94062,,6503265522,info@fieldtripgroup.org,www.fieldtripgroup.org366,314,,1055 Guadalupe Street,Guadalupe,CA,93434,,8053432455,info@dunescenter.org,www.dunescenter.org367,315,,"2530 San Pablo Ave., Suite I",Berkeley,CA,94704,,5108483383,kate@sfbaysc.org,www.sanfranciscobay.sierraclub.org368,271,,1500 Purisima Creek Road,Half Moon Bay,CA,94019,,6507123155,elkusranch@ucdavis.edu,ucanr.edu/sites/elkus_ranch/369,316,,"2150 Allston Way, Suite 270",Berkeley,CA,94704,,,info@ecoliteracy.org,www.ecoliteracy.org372,3,Cypress Grove Preserve & Research Center,P.O. Box 808,Marshall,CA,94940,,,acr@egret.org,www.egret.org375,317,,P.O. Box 2129,Crescent City,CA,95531,,7076331919,grant@smithriveralliance.org,www.smithriveralliance.org376,318,,"1301 Redwood Way, Suite 170",Petaluma,CA,94954,,7077947902,kheckert@sotoyomercd.org,www.sscrcd.org377,319,,"San Diego County Office of Education 
6401 Linda Vista Road",San Diego,CA,92111-7399,,8585695482,creec9a@hotmail.com,www.creec.org/region9a378,320,,P.O. Box 49,San Gregorio,CA,94074-0049,,6507121845,georgecattermole@earthlink.net,379,321,,"Arcata Community Recycling Center 
P.O. Box 1126",Arcata,CA,95518,,7078221672,allisonp@arcatarecycling.org,www.creec.org/region1380,322,,3820 Cypress Drive #11,Petaluma,CA,94954,,,prbo@prbo.org; mpitkin@prbo.org,www.prbo.org385,325,,"Orbach Science Library 
PO Box 5900, Room 118 
University of California",Riverside,CA,92521,,9518276378,waterarc@ucr.edu,http://library.ucr.edu/wrca/388,274,,"1303 J Street, Suite 270",Sacramento,CA,95814,,9163135812,kdelfino@defenders.org,www.defenders.org390,328,,8272 Moss Landing Road,"Moss Landing,",CA,95039,,8316324403,friends@mlml.calstate.edu,friends.mlml.calstate.edu391,329,,P.O. Box  641,Mendocino,CA,95460,,7079376120,info@pointcabrillo.org,www.pointcabrillo.org392,329,,,,,,,,,393,330,,"The Presidio
P.O. Box 29386",San Francisco,CA,94129,,4155616616,adean@farallones.org,www.farallones.org394,331,,P.O. Box 1239,Freedom,CA,95019,,,kris@watsonvillewetlandswatch.org,www.watsonvillewetlandswatch.org396,333,,1047 Mananita Drive,Pacifica,CA,94044,,,pedro@hax.com,www.pedrocreek.org397,334,,"625 Miramontes Street, Suite 103",Half Moon Bay,CA,94019,,6507260494,kellyx@sanmateorcd.org,www.sanmateorcd.org398,335,,P.O. Box 1360,Claremont,CA,91711-1360,,9096257305,kwoods@guideddiscoveries.org,www.guideddiscoveries.org399,336,,809 Center Street,Santa Cruz,CA,95060,,8314205201,tgoddard@cityofsantacruz.com,http://www.cityofsantacruz.com400,337,,79 Daily Drive #236,Camarillo,CA,93010,,8778921829,orca@orcaoutreach.org,www.orcaoutreach.org401,338,,1329 Evans Avenue,San Francisco,CA,94124,,4152826839,info@lejyouth.org,www.lejyouth.org402,339,,P.O. Box 246,Key Largo,FL,33037,,3058520301,reefhq@reef.org,www.reef.org404,341,,1600 Ocean Front Walk,Santa Monica,CA,90401,,3103934839,,www.healthebay.org/smpa/407,344,,P.O. Box 121390,San Diego,CA,92112,,6192320248,"ContactName
education@sdnhm.org",www.sdnhm.org409,346,,P.O. Box 444,Stinson Beach,CA,94970,,4158680164,info@bolinaslagoon.org,www.bolinaslagoon.org410,347,,18372 Sycamore Creek Road,Escondido,CA,92025,,8586742280,sdrp@sdrp.org,www.sdrp.org411,348,,101 B Avenue,Coronado,CA,92118,,6194354479,shuth@coronado.ca.us,www.coronado.ca.us412,349,,101 Eighth Street,Oakland,CA,94604,,5104335535,laurat@abag.ca.gov,www.baytrail.org413,350,,4634 Third Street,San Francisco,CA,94124,,4156431142,info@arcecology.org,www.arcecology.org414,351,,601 Beaumont Boulevard,Pacifica,CA,94044,,,PickitupPacifica@gmail.com,www.pacificabeachcoalition.org416,325,,,,,,,,,417,353,,"99 Pacific Street, Suite 455E",Monterey,CA,93940,,8316474250,info@mbnmsf.org,www.mbnmsf.org418,354,,"1611 San Pablo Avenue, Suite 10B",Berkeley,CA,94702,,5105275212,teach@crscience.org,www.crscience.org419,355,,26870 Moody Road,Los Altos Hills,CA,94022,,6509481916,hveep@hiddenvilla.org,www.hiddenvilla.org420,356,,2701 Fairview Road,Costa Mesa,CA,92628,,7144325960,dkelly@occ.cccd.edu,www.occ.cccd.edu421,357,,"Lawrence Hall of Science 
University of California",Berkeley,CA,94720-5200,,5106421055,cstrang@berkeley.edu,www.coseeca.net423,357,,"Scripps Institution of Oceanography 
University of California San Diego 
9500 Gilman Drive",La Jolla,CA,92093-0207,,,cpeach@ucsd.edu,424,358,,1771 Alcatraz Avenue,Berkeley,CA,94703,,5109851641,info@kidsforthebay.org,www.kidsforthebay.org425,242,Office Location (staffed Thurs. 11-2 or by appt.),3375 Country Drive,Fremont,CA,94536,,,,426,359,,PO Box 1099,Goleta,CA,93116,,,gavcoast@silcom.com,www.gaviotacoastconservancy.org427,360,,"1199 East Beach, Presidio",San Francisco,CA,94129,,4155617695,crocca@parksconservancy.org,www.crissyfieldcenter.org428,360,Mailing Address,PO Box 29410,San Francisco,CA,94129,,,,429,361,,5209 The Toledo #1,Long Beach,CA,90803,,5624392681,Justin@JustinRudd.com,www.BeachCleanup.org430,362,,801 K Street Room 1415,Sacramento,CA,95814,,9164577934,info@CARCD.org,www.carcd.org431,363,,"Embarcadero at Beach Street, Pier 39",San Francisco,CA,94133,,4156235324,sonja@bay.org,www.aquariumofthebay.org432,364,,500 N. Main St. Suite 110,Sebastopol,CA,95472,,7078244372,info@ccwi.org,www.ccwi.org433,365,,"Associated Students 
U.C. Santa Barbara",Santa Barbara,CA,93106,,8058937734,coastalfund@gmail.com,spf.as.ucsb.edu434,366,,P. O. Box 5447,Irvine,CA,92616,,9492618357,nkenyon@seaandsageaudubon.org,www.seaandsageaudubon.org436,367,,"2508 Historic Decatur Road, Suite 150",San Diego,CA,92106,,6192981314,nroberts@cleansd.org; cglenn@cleansd.org,www.cleansd.org437,368,,"250 Frank Ogawa Plaza, Suite 5301",Oakland,CA,94612,,5102387286,bsamuel@oaklandnet.com,www.oaklandcreeks.org438,369,,"Salmon Creek School
1395 Bohemian Hwy",Freestone,CA,95472,,,landtrust@bodeganet.com,www.bodeganet.com/landtrust439,370,,P.O. Box 91830,Santa Barbara,CA,93190,,8059635988,info@sblandtrust.org,www.sblandtrust.org440,371,,1623 Solano Avenue,Berkeley,CA,94707,,5105593506,islands@seacology.org; Karen@seacology.org,www.seacology.org441,372,,1471 S. Bedford Street #3,Los Angeles,CA,90035,,3106525169,michael@klubock.com,www.malibufoundation.org443,373,,P.O. Box 223833,Carmel,CA,93922,,,crwcsteelhead@pacbell.net,www.carmelriverwatershed.org444,374,,P.O. Box 336,Cayucos,CA,93430,,,gmbett@charter.net,www.cayucoslandconservancy.org446,376,,1001 I Street,Sacramento,CA,95814,,9163415252,info@waterboards.ca.gov,www.waterboards.ca.gov447,377,,New Year's Creek Road,Pescadero,CA,94060,,,info@sanmateocoastnha.org,www.sanmateocoastnha.org448,378,,"3535 Harbor Blvd., Suite 110",Costa Mesa,CA,92626,,7147553299,stevew@sccwrp.org,www.sccwrp.org449,379,,900 South Fremont Avenue,Alhambra,CA,91803,,6264586579,eganda@ladpw.org,www.888CleanLA.com450,381,,"HC 67 Box 1679 
Big Creek Reserve",Big Sur,CA,93920,,,bigcreek@ucsc.edu,bigcreek.ucnrs.org/452,383,,P.O. Box 7989,South Lake Tahoe,CA,96158,,5305424570,sna@sierranevadalliance.org,www.sierranevadaalliance.org453,384,,P. O. Box 86,Arroyo Grande,CA,93420,,8059295592,slopost@slonet.org,www.slopost.org455,386,,"5150 Fair Oaks Boulevard, Suite 101
PMB 217",Carmichael,CA,95608-5758,,,marcepstein@hotmail.com,www.nesnprograms.net456,387,,1600 U.S. Highway 101 #8,Garberville,CA,95442,,7072473300,,www.parks.ca.gov/?page_id=422458,389,,300 North Coast Highway,Oceanside,CA,92054,,7604355814,mlahsaie@ci.oceanside.ca.us;,www.oceansidecleanwaterprogram.org459,390,,"Department of Environmental Science and Policy
One Shields Avenue",Davis,CA,95616,,5307523350,fmshilling@ucdavis.edu,460,391,,"631 Howard Street, Suite 510",San Francisco,CA,94105,,,info@greenbelt.org,www.greenbelt.org461,170,,"Upriver Office
P.O. Box 223",Whitethorn,CA,95589,,7079861078,upriver@mattole.org,462,392,,P.O. Box 121390,San Diego,,92112-1390,,,info@cnpssd.org,www.cnpssd.org463,271,Mailing Address:,"625 Miramontes Street, Suite 200",Half Moon Bay,CA,94019,,,,464,393,,203 Argonne Avenue #140,Long Beach,CA,90803,,,friends@coloradolagoon.org,www.coloradolagoon.org467,395,,P. O. Box 1563,Huntington Beach,CA,92647,,7148401575,info@amigosdebolsachica.org,www.amigosdebolsachica.org468,396,,551A Redwood Drive,Garberville,CA,95560,,7079231902,foer@eelriver.org,www.eelriver.org469,396,Mailing Address:,P.O. Box 2305,Redway,CA,95560,,,,471,398,,"200 E. Santa Clara Street, 10th Floor",San Jose,CA,95113,,,alice.ringer@sanjoseca.gov,www.sanjoseca.gov/esd/schools473,399,,"Manhattan Beach Pier
P. O. Box 1",Manhattan Beach,CA,90267,,3109379366,roundhouse.aquarium@verizon.net,www.roundhouseaquarium.org475,401,,Department of Environmental Science & Policy,UC Davis,CA,95616,,5307523350,fmshilling@ucdavis.edu,www.cwam.ucdavis.edu476,402,,"100 Campus Center, Building 42",Seaside,CA,93955,,8315823691,campsealab@csumb.edu,www.campsealab.org477,403,,453 Tennessee Lane,Palo Alto,CA,94306,,6504947640,florence@refuge.org,www.cccrrefuge.org478,404,,P. O. Box 1768,Newport Beach,CA,92658,,9497230589,mclemente@newportbeachca.gov,www.newportbeachca.gov/index.aspx?page=473479,129,,P.O. Box 159,Olema,CA,94950,,,,480,405,,25300 Dana Point Harbor Drive,Dana Point,CA,92629,,,doheny@parks.ca.gov,www.dohenystatebeach.org481,406,,P.O. Box 5381,Oakland,CA,94605,,5105691432,kfusek@ebparks,www.ebparks.org482,407,,12500 Campus Drive,Oakland,CA,94619,,5104343841,ecomerritt@peralta.edu,www.ecomerritt.org483,408,,144 School Street,Santa Cruz,CA,95060,,8314296748,peg@thatsmypark.org,www.thatsmypark.org484,409,,1444 9th Street,Santa Monica,CA,90401,,3104961902,info@healthebay.org;,www.healthebay.org485,410,,13837 Fiji Way,Marina del Rey,CA,90292,,3108216345,beaches@bh.lacounty.gov,beaches.co.la.ca.us488,413,,,,,,,,dshatkin@sonic.net,www.salmoncreekwater.org490,415,,966 Sonoma Avenue,Santa Rosa,CA,95404,,7075263001,info@sonomalandtrust.org,www.sonomalandtrust.org491,416,,P. O. Box 233,Santa Cruz,CA,95061,,3092134688,postmaster@sustainablefishery.org,www.sustainablefishery.org492,417,,"1301 Redwood Way, Suite 170",Petaluma,CA,94954,,7077947902,charlette.epifanio@ca.usda.gov,www.ca.nrcs.usda.gov493,418,,3600 Highway 1,Davenport,CA,95017,,8314272288,wkhays@igc.org,www.parks.ca.gov/?page_id=22161494,419,,"3875-A Telegraph Road, #423",Ventura,CA,93003,,8052585107,info@wishtoyo.org; matiwaiya@wishtoyo.org,www.wishtoyo.org495,420,,P.O. Box 562,Coloma,CA,95613,,5306214818,arc@arconservancy.org,www.arconservancy.org496,144,,906 Garden Street,Santa Barbara,CA,93101,,8059623152,bweber@EnvironmentalDefenseCenter.org,www.edcnet.org497,421,,20161 Big Basin Highway,Boulder Creek,CA,95006,,8313383500,tracey@exploringnewhorizons.org,www.exploringnewhorizons.org498,422,,"2530 San Pablo Avenue, Suite G",Berkeley,CA,94702,,5108435351,ggas@goldengateaudubon.org,www.goldengateaudubon.org499,157,,P.O. Box 12206,San Luis Obispo,CA,93406,,,,501,423,,500 Discovery Parkway,Redwood City,CA,94063,,6503640416,Julie@sfbaymsi.org,www.sfbaymsi.org502,424,,"99 Pacific Street, Suite 155C",Monterey,CA,93940,,8316439268,gshester@oceana.org,www.oceana.org504,412,,"Wildlife Health Center
School of Veterinary Medicine
University of California, Davis
One Shields Avenue",Davis,CA,95616,,5307523318,wildlifehealth@ucdavis.edu,www.vetmed.ucdavis.edu/owcn505,366,,P.O. Box 5447,Irvine,CA,92616,,,,506,425,,P.O. Box 410,Arcata,CA,95518,,,info@arcatamarshfriends.org,arcatamarshfriends.org507,426,,P.O. Box 2428,Truckee,CA,96160,,5305821230,info@sbcouncil.org,www.sbcouncil.org508,427,,325 Chapala Street,Santa Barbara,CA,93101,,8058998898,hlohuis@oceanfutures.org,www.oceanfutures.org509,428,,P.O. Box 1014,Seal Beach,CA,90740,,8772226345,kim@saveourbeach.org,www.saveourbeach.org510,429,,P.O. Box 506,Santa Cruz,CA,95061,,,vwa@ventanawild.org,www.ventanawild.org511,430,,"SFSU/Romberg Tiburon Center 
3152 Paradise Dr",Tiburon,CA,94920,,4154357120,daviess@sfsu.edu,www.sfbaynerr.org512,431,,P.O. Box 1335,Healdsburg,CA,95448,,7074331989,info@russianriverkeeper.org,www.russianriverkeeper.org513,432,,P.O. Box 5247,Laguna Beach,CA,92652,,9494978807,info@LagunaOceanFoundation.org,www.oceanlaguna.org514,349,,P.O. Box 2050,Oakland,CA,94604,,,,515,433,,P.O. Box 75033,San Clemente,CA,92673,,9494295104,bob@watermanacademy.com,www.watermanacademy.com516,418,Mailing Address,355 Parkside Drive,Palo Alto,CA,94306,,6504938966,wkhays@igc.org,518,108,,,,,,,,,519,435,,568 Bellevue Avenue,Oakland,CA,94610,,5102387199,kwinslow@oaklandnet.com,www.oaklandnet.com/parks/programs/boating_sis.asp520,436,,"UCSD, Scripps Institution of Oceanography 
9500 Gilman Drive",La Jolla,CA,92093-0202,,8588221267,cmbc@ucsd.edu,www.cmbc.ucsd.edu522,438,,P.O. Box 12860,Marina del Rey,CA,90295,,,info@oceanconservation.org,www.oceanconservation.org523,439,,"50 California Street, Suite 2600",San Francisco,CA,94111,,4153523606,graceg@bcdc.ca.gov,www.bcdc.ca.gov524,440,,9500 Gilman Drive Dept. 0207,La Jolla,CA,92093,,8585345610,aquariuminfo@ucsd.edu,www.aquarium.ucsd.edu525,441,,P.O. Box 90672,San Diego,CA,92169,,6195231979,info@sdoceans.org,www.sdoceans.org526,442,,30151 Tomas Street,Rancho Santa Margarita,CA,92688,,9492671221,information@projectaware.org,www.projectaware.org527,443,,1062 Fort Cronkhite,Sausalito,CA,94965,,4152299340,info@seaflow.org,www.seaflow.org528,444,,714 Bond Avenue,Santa Barbara,CA,93103,,8056875635,info@sbck.org,www.sbck.org529,445,,"34145 Pacific Coast Hwy, #61",Dana Point,CA,92629,,,southoc@surfrider.org,www.surfrider.org/southorangecounty530,143,,,,,,,,,531,446,,424 Howe Drive,Crescent City,CA,95531,,7074566292,rescue@northcoastmmc.org,www.northcoastmmc.org532,343,,P.O. Box 12364,Costa Mesa,CA,92627,,9496455173,info@earthresource.org,www.earthresource.org533,447,,217 E Street,Eureka,CA,95501,,,pete@humboldtbaykeeper.org,www.humboldtbaykeeper.org534,448,,600 South Main Street,Alturas,CA,96101,,5302335099,the.river.center@frontiernet.net,www.centralmodocrivercenter.org535,449,,"P.O. Box 5069 
1 Big Fisherman Cove",Avalon,CA,90704,,3105101364,WIES@wrigley.usc.edu,http://wrigley.usc.edu536,450,,P.O. Box 34103,San Diego,CA,92163,,,frances@oceanconnectors.org,www.oceanconnectors.org537,451,,"Franklin Canyon Park
2600 Franklin Canyon Drive",Beverly Hills,CA,90210,,3108609019,info@childrensnatureinstitute.org,www.childrensnatureinstitute.org538,452,,"Arroyo Burro County Beach Park
2981 Cliff Drive",Santa Barbara,CA,93109,,8058841879,lindsay@exploreecology.org,www.artfromscrap.org539,453,,123 E. Anapamu Street,Santa Barbara,CA,93101,,8055683434,jhufsch@cosbpw.net,www.sbprojectcleanwater.org540,454,,211 Stearns Wharf,Santa Barbara,CA,93101,,8059623483,Ahendrickson@sbnature2.org,www.sbnature.org/seacenter541,409,Santa Monica Pier Aquarium,1600 Ocean Front Walk,Santa Monica,CA,90401,,3103964839,,542,455,,PO box 4928,Petaluma,CA,94955,,,david@FriendsofthePetalumaRiver.org,www.FriendsofthePetalumaRiver.org543,456,,4676 Lakeview Ave #109-E,Yorba Linda,CA,92886,,7149708474,theamericanpride@aol.com,americanpride.org544,457,,"570 Ewing Street
PO Box 690",Trinidad,CA,95570,,7078263682,Yvonne.Kugies@humboldt.edu,www.humboldt.edu/marinelab/546,459,,3815 Old Topanga Canyon Road,Calabasas,CA,91302,,8185911709,mrtrust@mountainstrust.org,www.mountainstrust.org547,460,,1234 E. Shaw Avenue,Fresno,CA,93710,,5592434022,reg4sec@dfg.ca.gov,www.dfg.ca.gov/regions/4548,84,,"P.O. Box 99
501 Poli Street",Ventura,CA,93002-0099,,8056482934,partnersinprogress@ci.ventura.ca.us,www.pipventura.org551,48,,PO Box 1089,Sawyers Bar,CA,96027,,5304624664,info@srrc.org,www.srrc.org552,452,Mailing Address:,302 East Cota Street,Santa Barbara,CA,93101,,,,553,462,,P.O. Box 490,Cambria,CA,93428,,8059241629,fes@elephantseal.org,www.elephantseal.org554,463,,Box 1876,Salinas,CA,93902,,8314229391,landwatch@mclw.org,www.landwatch.org555,464,,20612 Laguna Canyon Road,Laguna Beach,CA,92656,,9494942802,info@pacificmmc.org,www.pacificmmc.org556,465,,P. O. Box 65,Moss Landing,CA,95039,,,rebecca@wildrescue.org,www.wildrescue.org557,466,,"1330 Broadway, Suite 1135",Oakland,CA,94612,,5102518327,skyli.mcafee@calost.org,www.calost.org558,467,,P.O. Box 335,Carpinteria,CA,93014,,8056847255,mgomez@schabitatrestoration.org,www.schabitatrestoration.org559,468,,"UC Davis Wildlife Health Center 
942 Deer Harbor Road",Eastsound,WA,98245,,5307523318,kvgilardi@ucdavis.edu,www.seadocsociety.org560,468,,"Wildlife Health Center 
University of California, Davis
1 Shields Avenue",Davis,CA,95616,,,,561,469,,P.O. BOX 14107,San Luis Obispo,CA,93406-4107,,,visit@yourdunes.org,562,470,,"111 New Montgomery Street, Suite 600",San Francisco,CA,94105,,4153699180,,www.cleanwater.org563,471,,874 Seacoast Drive,Imperial Beach,CA,91932,,6194296361,mchavez@intertribalyouth.org,InterTribalYouth.org564,472,,55A Ridgway Avenue,Santa Rosa,CA,95401,,,info@SCWaterCoalition.org,www.SCWaterCoalition.org565,473,,6985 Saint Helena Road,Santa Rosa,CA,95404,,,hbuck@sonic.net,www.markwestwatershed.org566,474,,"55A Ridgway
P.O Box 466",Santa Rosa,CA,95402,,7075449861,SonGrp@sonic.net,www.redwood.sierraclub.org567,475,,14880 Navarro Way,Irish Beach,CA,95459,,,orcacita@gmail.com,www.nakedwhaleresearch.org568,476,,19005 Coast Highway One,Jenner,CA,95450,,7078472046,rjoy@parks.ca.gov,www.fortrossstatepark.org569,477,,1434 2nd Street,Santa Monica,CA,90401,,3103931769,council@lahostels.org,www.lahostels.org570,478,,c/o 4079 Governor Drive #330,San Diego,CA,92122,,8584527419,info@rosecreekwatershed.org,www.rosecreekwatershed.org571,479,,20 State Park Road,Morro Bay,CA,93442,,8057727129,mgolden@ccnha.org,www.ccnha.org572,480,,"1559 Spinnaker Drive, Suite 101",Ventura,CA,93001-5302,,8052899276,info@coastalmarinebiolabs.org,www.coastalmarinebiolabs.org573,481,,P.O. Box 4574,Arcata,CA,95519,,7078395666,info@pcfwwra.org,www.pcfwwra.org574,482,,"4010 Morena Boulevard, Suite 100",San Diego,CA,92117,,8582737801,sdaudubon@sandiegoaudubon.org,www.sandiegoaudubon.org575,483,,3207 Rutherford Road,Gridley,CA,95948,,5308467502,Ldieter@dfg.ca.gov,www.dfg.ca.gov/lands/wa/region2/index.html576,484,,"New Montgomery Street, Suite 205",San Francisco,CA,94105,,4158827253,Karen@tuolumne.org,www.tuolumne.org577,127,,,,,,,,,578,485,,12752 Landale Street,Studio City,CA,91604,,,carcharodon29@hotmail.com,579,486,,3001 Bridgeway Blvd #199,Sausalito,CA,94965,,,office@sfsailing.org,www.sfsailing.org580,487,,1442-A Walnut Street #462,Berkeley,CA,94709,,,info@cal-ipc.org,www.cal-ipc.org581,488,,"P.O. Box 33
2182 Old Arcata Road",Bayside,CA,95524,,,jclandtrust@yahoo.com,www.jclandtrust.org582,489,,25725 Paseo Colonial,San Juan Capistrano,CA,92675,,,info@letspaddle.org,www.LetsPaddle.org583,490,,500 Navarro Beach Road,Albion,CA,95410,,9496401742,beach127@aol.com,www.navarro-by-the-sea-center.org584,491,,6711 Ketch Way,Carlsbad,CA,92011,,,,www.newoceanblue.org585,492,,"1515 Clay Street, Suite 1400",Oakland,CA,94612,,,degtervanwissekerke@waterboards.ca.gov,www.sfestuary.org586,493,,"113 Harbor Way, Suite 190",Santa Barbara,CA,93109,,8059627634,ggorga@sbmm.org,www.sbmm.org587,494,,19005 Coast Highway One,Jenner,CA,95450,,,sarahs@fortross.org,www.fortross.org588,495,,"1 Bear Valley Road, Bldg 70",Point Reyes Station,CA,94956,,,debc@ptreyes.org,www.ptreyes.org589,496,,"250 Frank Ogawa Plaza, Suite 4314",Oakland,CA,94612,,5102387286,watersheds@oaklandnet.com,www.oaklandcreeks.org590,497,,PO Box 2723,McKinleyville,CA,95519,,,info@mlandtrust.org,www.mlandtrust.org591,498,,5265 Putah Creek Road,Winters,CA,95694,,,info@putahcreekcouncil.org,www.putahcreekcouncil.org592,47,,,,,,,,,www.parks.ca.gov/PointMugu593,499,,P.O. Box 591344,San Francisco,CA,94159,,,lklifeart@sbcglobal.net,www.acs-sfbay.org
